{
    "entity": "minecraft:zombie",
    "variants": [
        "minecraft:husk",
        "minecraft:zombie_villager",
        "twilightforest:rising_zombie"
    ],
    "name": "entity.minecraft.zombie",
    "name_color": "#3B622F",
    "gui_scale": 1,
    "gui_x_offset": 0,
    "gui_y_offset": 0,
    "gui_z_offset": 0,
    "sim_cost": 256,
    "input": {
        "item": "hostilenetworks:prediction_matrix"
    },
    "base_drop": {
        "item": "hostilenetworks:overworld_prediction"
    },
    "trivia": "hostilenetworks.trivia.zombie",
    "fabricator_drops": [
        {
            "item": "minecraft:rotten_flesh",
            "count": 64
        },
        {
            "item": "minecraft:iron_ingot",
            "count": 8
        },
        {
            "item": "minecraft:carrot",
            "count": 16
        },
        {
            "item": "minecraft:potato",
            "count": 16
        },
        {
            "item": "reliquary:zombie_heart",
            "count": 2
        },
        {
            "item": "bhc:red_heart",
            "count": 1
        }
    ]
}