{"stats":{"minecraft:killed":{"minecraft:ender_dragon":1},"minecraft:used":{"minecraft:warden_spawn_egg":1,"minecraft:netherite_sword":68,"minecraft:ender_eye":12,"cobblemon:white_gilded_chest":2,"minecraft:enchanting_table":1,"minecraft:flint_and_steel":85,"cobblemon:monitor":6,"cobblemon:display_case":6,"minecraft:deepslate":1,"cobblemon:pc":8,"minecraft:spruce_leaves":1,"minecraft:torch":8,"cobblemon:pasture":1,"cobblemon:fossil_analyzer":2,"minecraft:end_portal_frame":16,"cobblemon:healing_machine":6,"minecraft:obsidian":33},"minecraft:custom":{"minecraft:time_since_rest":14311,"minecraft:sprint_one_cm":32582,"minecraft:walk_one_cm":208279,"minecraft:mob_kills":1,"minecraft:drop":9,"minecraft:damage_dealt":48,"minecraft:fly_one_cm":1103291,"minecraft:crouch_one_cm":2043,"minecraft:play_time":80320,"minecraft:deaths":2,"minecraft:sneak_time":3345,"minecraft:walk_under_water_one_cm":62626,"minecraft:jump":207,"minecraft:leave_game":1,"minecraft:time_since_death":14284,"minecraft:walk_on_water_one_cm":10280,"minecraft:enchant_item":1,"minecraft:climb_one_cm":332,"minecraft:total_world_time":80320,"minecraft:fall_one_cm":269},"minecraft:picked_up":{"minecraft:stick":3,"minecraft:torch":2,"cobblemon:cheri_berry":5,"minecraft:spruce_sapling":4,"minecraft:wheat_seeds":3,"cobblemon:masterpiece_teacup":64,"minecraft:rabbit_hide":1,"minecraft:rabbit":1,"minecraft:rail":1},"minecraft:dropped":{"minecraft:rabbit_hide":1,"cobblemon:bygone_sherd":1,"minecraft:deepslate":1,"minecraft:rabbit":1,"cobblemon:master_ball":1,"cobblemon:masterpiece_teacup":64,"cobblemon:fossil_analyzer":64,"cobblemon:pasture":64,"minecraft:spruce_leaves":1}},"DataVersion":3465}