{"stats":{"minecraft:mined":{"minecraft:sand":1,"minecraft:dirt":6},"minecraft:killed_by":{"minecraft:player":13},"minecraft:used":{"jeg:stun_grenade":1,"minecraft:flint_and_steel":14,"jeg:combat_rifle":143,"minecraft:dispenser":33,"minecraft:redstone":245,"minecraft:netherite_chestplate":1,"minecraft:chest":20,"minecraft:shield":2,"minecraft:stone":53,"jeg:holy_shotgun":32,"jeg:assault_rifle":219,"minecraft:stripped_birch_wood":502,"jeg:pump_shotgun":2,"minecraft:sculk_sensor":53,"minecraft:spruce_leaves":165,"jeg:gunmetal_workbench":1,"minecraft:dirt":396,"minecraft:comparator":21,"minecraft:netherite_leggings":1,"jeg:typhoonee":14,"minecraft:netherite_helmet":1,"minecraft:yellow_candle":24,"minecraft:glow_lichen":183,"minecraft:note_block":11,"jeg:custom_smg":122,"minecraft:gray_concrete":1515,"minecraft:cake":165,"jeg:grenade":8,"minecraft:milk_bucket":3,"jeg:bolt_action_rifle":32,"minecraft:redstone_torch":28,"minecraft:sticky_piston":30,"minecraft:piston":24,"minecraft:lever":6,"minecraft:light_gray_concrete":35,"minecraft:birch_slab":342,"minecraft:stone_button":12,"minecraft:iron_door":1,"minecraft:pink_wool":19,"minecraft:bamboo":355,"minecraft:netherite_boots":1,"minecraft:pink_bed":3,"jeg:double_barrel_shotgun":17,"minecraft:glowstone":59,"minecraft:repeater":101,"minecraft:golden_carrot":12,"minecraft:cobblestone":7,"minecraft:black_stained_glass":39,"minecraft:magenta_wool":3,"minecraft:iron_trapdoor":21,"jeg:revolver":80,"jeg:blossom_rifle":44,"jeg:waterpipe_shotgun":3,"minecraft:stone_pressure_plate":41,"minecraft:observer":2,"minecraft:cobweb":1,"minecraft:brown_concrete_powder":1,"minecraft:birch_stairs":64},"minecraft:dropped":{"jeg:telescopic_sight":1,"minecraft:blaze_rod":64,"minecraft:jukebox":64,"minecraft:netherite_helmet":1,"minecraft:netherite_chestplate":1,"minecraft:glowstone_dust":4,"jeg:grenade":16,"jeg:bolt_action_rifle":1,"jeg:rifle_ammo":512,"minecraft:netherite_leggings":1,"jeg:stun_grenade":15,"minecraft:tipped_arrow":651,"minecraft:milk_bucket":1,"minecraft:netherite_boots":2,"minecraft:stone_pressure_plate":2,"jeg:assault_rifle":1,"jeg:blossom_rifle":1,"jeg:combat_rifle":2,"jeg:pistol_ammo":448,"minecraft:black_stained_glass":64},"minecraft:custom":{"minecraft:interact_with_anvil":1,"minecraft:tune_noteblock":12,"minecraft:eat_cake_slice":12,"minecraft:leave_game":1,"minecraft:time_since_death":403,"minecraft:climb_one_cm":4102,"minecraft:time_since_rest":429,"minecraft:sprint_one_cm":150697,"minecraft:damage_taken":6265,"minecraft:walk_one_cm":591643,"minecraft:damage_blocked_by_shield":326,"minecraft:drop":47,"minecraft:damage_dealt":26,"minecraft:swim_one_cm":8108,"minecraft:fly_one_cm":776269,"minecraft:player_kills":6,"minecraft:open_chest":22,"minecraft:crouch_one_cm":61605,"minecraft:play_time":184330,"minecraft:deaths":23,"minecraft:sneak_time":17139,"minecraft:walk_under_water_one_cm":1188,"minecraft:jump":780,"minecraft:walk_on_water_one_cm":833,"minecraft:total_world_time":184330,"minecraft:fall_one_cm":18355,"minecraft:inspect_dispenser":33},"minecraft:picked_up":{"minecraft:netherite_boots":2,"minecraft:repeater":22,"minecraft:iron_door":1,"minecraft:yellow_candle":1,"minecraft:shield":1,"minecraft:netherite_leggings":1,"minecraft:dirt":4,"jeg:combat_rifle":1,"jeg:revolver":1,"minecraft:bucket":3,"minecraft:redstone_torch":14,"minecraft:glowstone_dust":4,"minecraft:bamboo":314,"minecraft:tipped_arrow":1425,"jeg:assault_rifle":1,"jeg:bolt_action_rifle":2,"minecraft:redstone":3,"minecraft:stone_pressure_plate":1,"minecraft:netherite_helmet":1,"minecraft:tadpole_bucket":1,"minecraft:netherite_chestplate":1}},"DataVersion":3465}