{"stats":{"minecraft:mined":{"minecraft:spruce_leaves":4,"minecraft:pink_wool":2,"minecraft:bamboo":1,"minecraft:spruce_log":5},"minecraft:killed_by":{"minecraft:player":3},"minecraft:used":{"minecraft:oak_trapdoor":8,"minecraft:trident":3,"jeg:stun_grenade":167,"minecraft:redstone":44,"minecraft:dispenser":7,"minecraft:ladder":18,"minecraft:spruce_planks":7,"minecraft:chest":12,"minecraft:shield":54,"minecraft:stone":1,"jeg:holy_shotgun":7,"minecraft:warped_sign":1,"minecraft:bell":4,"jeg:atlantean_spear":18,"minecraft:torch":9,"minecraft:soul_sand":101,"minecraft:dirt":11,"minecraft:anvil":1,"minecraft:hopper":7,"jeg:custom_smg":133,"jeg:grenade":27,"minecraft:big_dripleaf":2,"minecraft:sea_lantern":28,"minecraft:light_weighted_pressure_plate":6,"minecraft:warped_fence":18,"minecraft:mossy_cobblestone_slab":5,"minecraft:pink_wool":7,"jeg:double_barrel_shotgun":65,"minecraft:tadpole_bucket":1,"minecraft:repeater":20,"minecraft:golden_carrot":17,"minecraft:warped_stairs":37,"jeg:revolver":150,"jeg:semi_auto_rifle":15,"minecraft:stone_pressure_plate":6,"jeg:water_bomb":5,"minecraft:pointed_dripstone":68,"minecraft:end_rod":14,"minecraft:spruce_door":25,"jeg:combat_rifle":111,"minecraft:prismarine":1577,"jeg:assault_rifle":605,"minecraft:glow_item_frame":1,"minecraft:diamond_block":37,"minecraft:tnt":1,"minecraft:oak_slab":14,"jeg:typhoonee":19,"minecraft:blue_ice":12,"minecraft:mule_spawn_egg":1,"minecraft:note_block":2,"minecraft:gray_concrete":218,"minecraft:lingering_potion":2,"minecraft:black_bed":2,"jeg:bolt_action_rifle":52,"minecraft:redstone_torch":4,"minecraft:heavy_weighted_pressure_plate":8,"minecraft:iron_door":11,"jeg:blossom_rifle":128,"minecraft:ice":4,"minecraft:oak_hanging_sign":5,"jeg:molotov_cocktail":4,"minecraft:cobweb":23,"minecraft:soul_torch":17},"minecraft:dropped":{"minecraft:enchanted_book":7,"jeg:telescopic_sight":2,"minecraft:oak_slab":1,"minecraft:soul_sand":2,"minecraft:mule_spawn_egg":1,"minecraft:oak_hanging_sign":1,"minecraft:netherite_helmet":3,"minecraft:netherite_chestplate":8,"minecraft:tadpole_bucket":1,"minecraft:black_bed":1,"jeg:grenade":2,"jeg:bolt_action_rifle":4,"minecraft:end_rod":1,"minecraft:light_weighted_pressure_plate":1,"minecraft:cobweb":1,"minecraft:dirt":1,"minecraft:gray_concrete":2,"jeg:custom_smg":1,"minecraft:ice":1,"minecraft:warped_stairs":1,"minecraft:iron_trapdoor":1,"minecraft:dispenser":1,"minecraft:torch":1,"minecraft:repeater":1,"minecraft:iron_door":4,"minecraft:netherite_boots":3,"minecraft:chainmail_leggings":1,"minecraft:trapped_chest":2,"minecraft:redstone":1,"minecraft:anvil":1,"minecraft:oak_trapdoor":1,"minecraft:soul_torch":2,"minecraft:polished_diorite_slab":1,"minecraft:pointed_dripstone":1,"jeg:double_barrel_shotgun":1,"minecraft:prismarine":15,"minecraft:warped_sign":2,"jeg:rifle_ammo":64,"minecraft:acacia_stairs":1,"minecraft:netherite_leggings":4,"jeg:stun_grenade":1,"minecraft:tipped_arrow":193,"jeg:revolver":3,"minecraft:shield":3,"jeg:holy_shotgun":1,"minecraft:heavy_weighted_pressure_plate":2,"jeg:water_bomb":1,"minecraft:warped_fence":3,"minecraft:pink_wool":1,"minecraft:blue_ice":1,"minecraft:ladder":1,"minecraft:chest":64,"minecraft:redstone_torch":1,"minecraft:stone_pressure_plate":1,"jeg:assault_rifle":2,"jeg:blossom_rifle":2,"jeg:combat_rifle":1,"jeg:pistol_ammo":64,"jeg:semi_auto_rifle":1},"minecraft:custom":{"minecraft:mob_kills":4,"minecraft:interact_with_anvil":4,"minecraft:inspect_hopper":1,"minecraft:eat_cake_slice":1,"minecraft:leave_game":2,"minecraft:time_since_death":7263,"minecraft:climb_one_cm":9285,"minecraft:sprint_one_cm":115829,"minecraft:walk_one_cm":667823,"minecraft:damage_blocked_by_shield":2530,"minecraft:drop":114,"minecraft:play_time":187430,"minecraft:deaths":10,"minecraft:sneak_time":10209,"minecraft:walk_under_water_one_cm":4273,"minecraft:jump":692,"minecraft:walk_on_water_one_cm":655,"minecraft:total_world_time":187430,"minecraft:tune_noteblock":6,"minecraft:time_since_rest":7288,"minecraft:damage_taken":3213,"minecraft:damage_dealt":23,"minecraft:fly_one_cm":485081,"minecraft:player_kills":28,"minecraft:open_chest":23,"minecraft:crouch_one_cm":35789,"minecraft:fall_one_cm":14893,"minecraft:inspect_dispenser":42},"minecraft:crafted":{"minecraft:spruce_planks":20},"minecraft:picked_up":{"minecraft:iron_trapdoor":1,"minecraft:ladder":1,"minecraft:anvil":1,"minecraft:pink_wool":3,"minecraft:enchanted_book":6,"minecraft:heavy_weighted_pressure_plate":1,"minecraft:oak_trapdoor":1,"minecraft:oak_hanging_sign":1,"minecraft:warped_fence":2,"jeg:stun_grenade":15,"minecraft:light_weighted_pressure_plate":1,"minecraft:redstone_torch":1,"jeg:blossom_rifle":3,"minecraft:chest":64,"minecraft:mule_spawn_egg":1,"minecraft:tipped_arrow":194,"minecraft:black_stained_glass":64,"minecraft:big_dripleaf":1,"minecraft:redstone":2,"minecraft:stone_pressure_plate":1,"minecraft:rotten_flesh":4,"minecraft:warped_sign":2,"minecraft:end_rod":1,"minecraft:netherite_chestplate":7,"minecraft:netherite_boots":3,"minecraft:polished_diorite_slab":1,"minecraft:repeater":1,"minecraft:iron_door":3,"minecraft:black_bed":1,"minecraft:netherite_leggings":3,"minecraft:dirt":1,"minecraft:cobweb":1,"minecraft:bamboo":125,"jeg:double_barrel_shotgun":1,"minecraft:prismarine":11,"minecraft:soul_sand":1,"jeg:assault_rifle":1,"jeg:water_bomb":1,"minecraft:soul_torch":2,"minecraft:spruce_log":5,"minecraft:acacia_stairs":1,"minecraft:trapped_chest":2,"minecraft:dispenser":1,"minecraft:netherite_helmet":3,"minecraft:chainmail_leggings":1,"minecraft:blue_ice":1},"minecraft:killed":{"minecraft:mule":1,"minecraft:zombie":3}},"DataVersion":3465}