{"stats":{"minecraft:used":{"minecraft:netherite_sword":47,"cobblemon:pc":1,"minecraft:ender_eye":12,"minecraft:torch":77,"minecraft:potion":2,"minecraft:end_portal_frame":24},"minecraft:mined":{"minecraft:spruce_log":5},"minecraft:custom":{"minecraft:time_since_rest":5661,"minecraft:crouch_one_cm":820,"minecraft:play_time":81823,"minecraft:sprint_one_cm":21274,"minecraft:deaths":3,"minecraft:walk_one_cm":133514,"minecraft:sneak_time":1298,"minecraft:walk_under_water_one_cm":23747,"minecraft:jump":174,"minecraft:damage_dealt":36,"minecraft:leave_game":1,"minecraft:time_since_death":5614,"minecraft:walk_on_water_one_cm":6262,"minecraft:climb_one_cm":155,"minecraft:total_world_time":81823,"minecraft:fly_one_cm":705499},"minecraft:picked_up":{"cobblemon:pc":1,"minecraft:spruce_leaves":1,"cobblemon:rare_candy":65,"minecraft:air":0,"minecraft:deepslate":2,"minecraft:torch":1,"minecraft:end_portal_frame":1,"cobblemon:fossil_analyzer":128,"minecraft:potion":1,"minecraft:spruce_sapling":4,"cobblemon:pasture":128,"minecraft:rabbit":2,"minecraft:spruce_log":10,"cobblemon:master_ball":1}},"DataVersion":3465}