{"stats":{"minecraft:mined":{"minecraft:grass_block":3,"minecraft:sand":2},"minecraft:used":{"minecraft:dirt":3,"minecraft:sand":1},"minecraft:picked_up":{"minecraft:sand":4,"minecraft:dirt":3},"minecraft:custom":{"minecraft:jump":81,"minecraft:time_since_rest":1183,"minecraft:leave_game":1,"minecraft:damage_dealt":188,"minecraft:deaths":1,"minecraft:sprint_one_cm":6770,"minecraft:play_time":3150,"minecraft:damage_taken":253,"minecraft:time_since_death":1143,"minecraft:walk_one_cm":6586,"minecraft:sneak_time":13,"minecraft:total_world_time":3150,"minecraft:fall_one_cm":836,"minecraft:fly_one_cm":21660}},"DataVersion":3465}