{"stats":{"minecraft:mined":{"minecraft:pink_wool":1},"minecraft:killed_by":{"minecraft:player":25},"minecraft:used":{"jeg:combat_rifle":124,"minecraft:dispenser":63,"minecraft:redstone":66,"minecraft:ladder":90,"minecraft:oak_sign":42,"minecraft:chest":1,"minecraft:shield":94,"jeg:assault_rifle":163,"minecraft:stripped_birch_wood":1,"minecraft:calibrated_sculk_sensor":1,"minecraft:sculk_sensor":49,"minecraft:smooth_quartz_stairs":41,"minecraft:diamond_block":899,"minecraft:comparator":16,"minecraft:red_bed":1,"jeg:typhoonee":3,"jeg:custom_smg":24,"jeg:bolt_action_rifle":38,"minecraft:sticky_piston":1,"minecraft:lever":2,"minecraft:honey_block":13,"minecraft:sea_lantern":20,"minecraft:lava_bucket":73,"minecraft:oak_pressure_plate":1,"minecraft:pink_wool":1,"jeg:double_barrel_shotgun":3,"minecraft:repeater":14,"minecraft:golden_carrot":8,"minecraft:magenta_wool":2,"minecraft:emerald_block":183,"jeg:revolver":137,"jeg:blossom_rifle":20,"jeg:semi_auto_rifle":16,"minecraft:gold_block":220,"minecraft:stone_pressure_plate":25,"minecraft:oak_hanging_sign":1,"minecraft:observer":106,"minecraft:cobweb":9},"minecraft:dropped":{"jeg:typhoonee":1,"minecraft:enchanted_book":2,"jeg:telescopic_sight":1,"minecraft:oak_slab":2,"minecraft:emerald_block":3,"minecraft:diamond_block":1,"minecraft:netherite_helmet":2,"minecraft:netherite_chestplate":3,"minecraft:prismarine":1,"jeg:bolt_action_rifle":1,"minecraft:oak_sign":1,"minecraft:netherite_leggings":2,"minecraft:gold_block":2,"jeg:revolver":1,"minecraft:tipped_arrow":74,"minecraft:netherite_boots":2,"jeg:blossom_rifle":1,"jeg:combat_rifle":1,"jeg:handmade_shell":1,"jeg:semi_auto_rifle":1},"minecraft:broken":{"minecraft:shield":1},"minecraft:custom":{"minecraft:mob_kills":4,"minecraft:interact_with_anvil":1,"minecraft:leave_game":3,"minecraft:time_since_death":8899,"minecraft:climb_one_cm":12621,"minecraft:time_since_rest":8924,"minecraft:damage_blocked_by_shield":6296,"minecraft:damage_taken":10052,"minecraft:sprint_one_cm":38828,"minecraft:walk_one_cm":507218,"minecraft:drop":37,"minecraft:fly_one_cm":719923,"minecraft:player_kills":7,"minecraft:open_chest":3,"minecraft:crouch_one_cm":23947,"minecraft:play_time":157608,"minecraft:deaths":35,"minecraft:sneak_time":14702,"minecraft:jump":667,"minecraft:walk_on_water_one_cm":161,"minecraft:total_world_time":157608,"minecraft:fall_one_cm":46404,"minecraft:inspect_dispenser":61},"minecraft:picked_up":{"minecraft:netherite_boots":2,"minecraft:repeater":7,"minecraft:ladder":1,"minecraft:pink_wool":1,"minecraft:gold_block":2,"minecraft:enchanted_book":3,"minecraft:shield":2,"minecraft:netherite_leggings":2,"minecraft:dirt":1,"jeg:combat_rifle":2,"jeg:revolver":2,"minecraft:oak_sign":1,"minecraft:bucket":1,"minecraft:redstone_torch":1,"minecraft:glowstone_dust":3,"jeg:blossom_rifle":1,"minecraft:bamboo":12,"minecraft:prismarine":1,"jeg:semi_auto_rifle":1,"minecraft:tipped_arrow":34,"minecraft:oak_slab":2,"jeg:assault_rifle":1,"minecraft:emerald_block":2,"jeg:pistol_ammo":64,"jeg:telescopic_sight":1,"jeg:bolt_action_rifle":2,"minecraft:diamond_block":1,"minecraft:redstone":33,"minecraft:stone_pressure_plate":3,"minecraft:rotten_flesh":2,"jeg:custom_smg":1,"minecraft:netherite_helmet":2,"minecraft:lever":1,"jeg:rifle_ammo":64,"minecraft:netherite_chestplate":4,"minecraft:blaze_rod":64},"minecraft:killed":{"minecraft:salmon":1,"minecraft:spider":2,"minecraft:turtle":1}},"DataVersion":3465}