{
  "cobblemon:full_party": {
    "criteria": {
      "full_party": "2024-05-26 06:06:39 +0000"
    },
    "done": true
  },
  "minecraft:nether/explore_nether": {
    "criteria": {
      "minecraft:crimson_forest": "2024-05-26 06:51:47 +0000",
      "minecraft:nether_wastes": "2024-05-26 06:47:42 +0000",
      "minecraft:soul_sand_valley": "2024-05-26 06:48:31 +0000",
      "minecraft:basalt_deltas": "2024-05-26 06:47:54 +0000"
    },
    "done": false
  },
  "cobblemon:recipes/transportation/apricorn_boat": {
    "criteria": {
      "in_water": "2024-05-26 06:07:28 +0000"
    },
    "done": true
  },
  "minecraft:recipes/decorations/end_crystal": {
    "criteria": {
      "has_ender_eye": "2024-05-26 06:56:30 +0000"
    },
    "done": true
  },
  "minecraft:story/enter_the_nether": {
    "criteria": {
      "entered_nether": "2024-05-26 06:47:41 +0000"
    },
    "done": true
  },
  "cobblemon:first_battle_victory": {
    "criteria": {
      "win": "2024-05-26 06:03:46 +0000"
    },
    "done": true
  },
  "minecraft:recipes/food/cooked_rabbit": {
    "criteria": {
      "has_rabbit": "2024-05-26 06:32:37 +0000"
    },
    "done": true
  },
  "minecraft:recipes/decorations/crafting_table": {
    "criteria": {
      "unlock_right_away": "2024-05-26 05:59:50 +0000"
    },
    "done": true
  },
  "minecraft:recipes/decorations/chest": {
    "criteria": {
      "has_lots_of_items": "2024-05-26 06:22:16 +0000"
    },
    "done": true
  },
  "minecraft:recipes/food/cooked_rabbit_from_smoking": {
    "criteria": {
      "has_rabbit": "2024-05-26 06:32:37 +0000"
    },
    "done": true
  },
  "cobblemon:root": {
    "criteria": {
      "picked_starter": "2024-05-26 06:00:47 +0000"
    },
    "done": true
  },
  "minecraft:recipes/food/cooked_rabbit_from_campfire_cooking": {
    "criteria": {
      "has_rabbit": "2024-05-26 06:32:37 +0000"
    },
    "done": true
  },
  "minecraft:recipes/transportation/cherry_boat": {
    "criteria": {
      "in_water": "2024-05-26 06:07:28 +0000"
    },
    "done": true
  },
  "minecraft:recipes/building_blocks/spruce_wood": {
    "criteria": {
      "has_log": "2024-05-26 06:01:19 +0000"
    },
    "done": true
  },
  "minecraft:recipes/transportation/bamboo_raft": {
    "criteria": {
      "in_water": "2024-05-26 06:07:28 +0000"
    },
    "done": true
  },
  "minecraft:recipes/transportation/spruce_boat": {
    "criteria": {
      "in_water": "2024-05-26 06:07:28 +0000"
    },
    "done": true
  },
  "minecraft:husbandry/root": {
    "criteria": {
      "consumed_item": "2024-05-26 06:09:00 +0000"
    },
    "done": true
  },
  "minecraft:recipes/transportation/birch_boat": {
    "criteria": {
      "in_water": "2024-05-26 06:07:28 +0000"
    },
    "done": true
  },
  "minecraft:recipes/transportation/oak_boat": {
    "criteria": {
      "in_water": "2024-05-26 06:07:28 +0000"
    },
    "done": true
  },
  "cobblemon:use_candy": {
    "criteria": {
      "use_rare_candy": "2024-05-26 06:22:28 +0000"
    },
    "done": true
  },
  "minecraft:recipes/transportation/mangrove_boat": {
    "criteria": {
      "in_water": "2024-05-26 06:07:28 +0000"
    },
    "done": true
  },
  "minecraft:recipes/building_blocks/spruce_planks": {
    "criteria": {
      "has_logs": "2024-05-26 06:01:19 +0000"
    },
    "done": true
  },
  "cobblemon:recipes/held/hard_stone": {
    "criteria": {
      "has_deepslate": "2024-05-26 06:32:38 +0000"
    },
    "done": true
  },
  "cobblemon:recipes/blocks/pasture": {
    "criteria": {
      "has_pc": "2024-05-26 06:21:45 +0000"
    },
    "done": true
  },
  "minecraft:nether/root": {
    "criteria": {
      "entered_nether": "2024-05-26 06:47:41 +0000"
    },
    "done": true
  },
  "minecraft:recipes/misc/charcoal": {
    "criteria": {
      "has_log": "2024-05-26 06:01:19 +0000"
    },
    "done": true
  },
  "cobblemon:first_catch": {
    "criteria": {
      "catch": "2024-05-26 06:05:54 +0000"
    },
    "done": true
  },
  "minecraft:end/enter_end_gateway": {
    "criteria": {
      "entered_end_gateway": "2024-05-26 07:02:57 +0000"
    },
    "done": true
  },
  "minecraft:recipes/transportation/acacia_boat": {
    "criteria": {
      "in_water": "2024-05-26 06:07:28 +0000"
    },
    "done": true
  },
  "cobblemon:craft_all_balls": {
    "criteria": {
      "master_ball": "2024-05-26 06:05:34 +0000"
    },
    "done": false
  },
  "minecraft:end/root": {
    "criteria": {
      "entered_end": "2024-05-26 06:46:14 +0000"
    },
    "done": true
  },
  "cobblemon:healing_machine": {
    "criteria": {
      "use_healing_machine": "2024-05-26 06:06:45 +0000"
    },
    "done": true
  },
  "cobblemon:craft_poke_ball": {
    "criteria": {
      "requirement": "2024-05-26 06:05:34 +0000"
    },
    "done": true
  },
  "minecraft:adventure/adventuring_time": {
    "criteria": {
      "minecraft:old_growth_pine_taiga": "2024-05-26 06:08:41 +0000",
      "minecraft:taiga": "2024-05-26 05:59:52 +0000",
      "minecraft:river": "2024-05-26 06:05:40 +0000",
      "minecraft:swamp": "2024-05-26 07:05:48 +0000",
      "minecraft:forest": "2024-05-26 07:08:09 +0000",
      "minecraft:lush_caves": "2024-05-26 06:09:09 +0000",
      "minecraft:old_growth_spruce_taiga": "2024-05-26 06:08:34 +0000"
    },
    "done": false
  },
  "minecraft:recipes/decorations/ender_chest": {
    "criteria": {
      "has_ender_eye": "2024-05-26 06:56:30 +0000"
    },
    "done": true
  },
  "cobblemon:first_evolution": {
    "criteria": {
      "evolve": "2024-05-26 06:24:14 +0000"
    },
    "done": true
  },
  "minecraft:recipes/transportation/jungle_boat": {
    "criteria": {
      "in_water": "2024-05-26 06:07:28 +0000"
    },
    "done": true
  },
  "minecraft:recipes/transportation/dark_oak_boat": {
    "criteria": {
      "in_water": "2024-05-26 06:07:28 +0000"
    },
    "done": true
  },
  "minecraft:story/enter_the_end": {
    "criteria": {
      "entered_end": "2024-05-26 06:46:14 +0000"
    },
    "done": true
  },
  "DataVersion": 3465
}