{
  "minecraft:recipes/decorations/crafting_table": {
    "criteria": {
      "unlock_right_away": "2024-05-25 23:33:36 +0000"
    },
    "done": true
  },
  "minecraft:adventure/adventuring_time": {
    "criteria": {
      "minecraft:river": "2024-05-25 23:37:58 +0000",
      "minecraft:stony_shore": "2024-05-25 23:33:37 +0000",
      "minecraft:forest": "2024-05-25 23:37:56 +0000",
      "minecraft:jungle": "2024-05-25 23:33:47 +0000",
      "minecraft:old_growth_birch_forest": "2024-05-25 23:38:07 +0000",
      "minecraft:plains": "2024-05-25 23:38:00 +0000"
    },
    "done": false
  },
  "DataVersion": 3465
}