{
  "uuid": "1a1b46af-d95a-4fcc-b57b-53ac6e09691f",
  "starterPrompted": true,
  "starterLocked": false,
  "starterSelected": true,
  "starterUUID": "d39775fe-2543-48c3-9403-e0b3907beae0",
  "keyItems": [],
  "battleTheme": "cobblemon:battle.pvp.default",
  "extraData": {},
  "advancementData": {
    "totalCaptureCount": 29,
    "totalEggsHatched": 0,
    "totalEvolvedCount": 18,
    "totalBattleVictoryCount": 1,
    "totalPvPBattleVictoryCount": 0,
    "totalPvWBattleVictoryCount": 1,
    "totalPvNBattleVictoryCount": 0,
    "totalShinyCaptureCount": 0,
    "totalTradedCount": 0,
    "totalTypeCaptureCounts": {
      "bug": 2,
      "normal": 6,
      "flying": 4,
      "steel": 3,
      "ground": 3,
      "ghost": 2,
      "poison": 1,
      "fire": 7,
      "dragon": 1,
      "psychic": 3,
      "water": 5,
      "grass": 1
    },
    "totalDefeatedCounts": {},
    "aspectsCollected": {}
  }
}