{
  "uuid": "4046d227-057a-45e6-9b2b-80ef63195bac",
  "starterPrompted": true,
  "starterLocked": false,
  "starterSelected": true,
  "starterUUID": "8b6d8e97-76fb-4548-aaca-909cae74e7c7",
  "keyItems": [],
  "battleTheme": "cobblemon:battle.pvp.default",
  "extraData": {},
  "advancementData": {
    "totalCaptureCount": 18,
    "totalEggsHatched": 0,
    "totalEvolvedCount": 18,
    "totalBattleVictoryCount": 4,
    "totalPvPBattleVictoryCount": 3,
    "totalPvWBattleVictoryCount": 1,
    "totalPvNBattleVictoryCount": 0,
    "totalShinyCaptureCount": 0,
    "totalTradedCount": 0,
    "totalTypeCaptureCounts": {
      "bug": 3,
      "flying": 7,
      "normal": 5,
      "dark": 1,
      "poison": 1,
      "rock": 1,
      "fire": 3,
      "psychic": 2,
      "steel": 1,
      "water": 1
    },
    "totalDefeatedCounts": {},
    "aspectsCollected": {}
  }
}